{
    "R_eff": 5.5198716880469805,
    "u_R_eff": 2.806185386694975,
    "today": "2021-12-19"
}